TimeStamp: 2022-01-06 08:22:06;Trace ID: 929;Activity Name: A;
TimeStamp: 2022-01-06 09:11:17;Trace ID: 929;Activity Name: B;
TimeStamp: 2022-01-06 10:02:05;Trace ID: 929;Activity Name: D;
TimeStamp: 2022-01-06 11:40:40;Trace ID: 929;Activity Name: E;
TimeStamp: 2022-01-06 12:59:57;Trace ID: 929;Activity Name: G;
TimeStamp: 2022-01-06 13:47:23;Trace ID: 929;Activity Name: F;
TimeStamp: 2022-01-06 14:41:50;Trace ID: 929;Activity Name: H;
TimeStamp: 2022-01-06 15:04:43;Trace ID: 930;Activity Name: A;
TimeStamp: 2022-01-06 16:21:09;Trace ID: 930;Activity Name: B;
TimeStamp: 2022-01-06 17:11:55;Trace ID: 930;Activity Name: D;
TimeStamp: 2022-01-06 18:22:04;Trace ID: 930;Activity Name: G;
TimeStamp: 2022-01-06 19:24:55;Trace ID: 930;Activity Name: E;
TimeStamp: 2022-01-06 20:19:16;Trace ID: 930;Activity Name: F;
TimeStamp: 2022-01-06 21:06:53;Trace ID: 930;Activity Name: H;
TimeStamp: 2022-01-06 22:35:58;Trace ID: 931;Activity Name: A;
TimeStamp: 2022-01-06 23:59:20;Trace ID: 931;Activity Name: B;
TimeStamp: 2022-01-07 00:05:34;Trace ID: 931;Activity Name: D;
TimeStamp: 2022-01-07 01:47:53;Trace ID: 931;Activity Name: G;
TimeStamp: 2022-01-07 02:05:04;Trace ID: 931;Activity Name: E;
TimeStamp: 2022-01-07 03:25:57;Trace ID: 931;Activity Name: F;
TimeStamp: 2022-01-07 04:41:48;Trace ID: 931;Activity Name: H;
TimeStamp: 2022-01-07 05:44:38;Trace ID: 932;Activity Name: A;
TimeStamp: 2022-01-07 06:59:39;Trace ID: 932;Activity Name: C;
TimeStamp: 2022-01-07 07:25:35;Trace ID: 932;Activity Name: D;
TimeStamp: 2022-01-07 08:22:14;Trace ID: 932;Activity Name: E;
TimeStamp: 2022-01-07 09:08:07;Trace ID: 932;Activity Name: F;
TimeStamp: 2022-01-07 10:09:24;Trace ID: 932;Activity Name: G;
TimeStamp: 2022-01-07 11:45:51;Trace ID: 932;Activity Name: H;
TimeStamp: 2022-01-07 12:41:59;Trace ID: 933;Activity Name: A;
TimeStamp: 2022-01-07 13:39:30;Trace ID: 933;Activity Name: B;
TimeStamp: 2022-01-07 14:10:36;Trace ID: 933;Activity Name: D;
TimeStamp: 2022-01-07 15:43:32;Trace ID: 933;Activity Name: G;
TimeStamp: 2022-01-07 16:10:51;Trace ID: 933;Activity Name: E;
TimeStamp: 2022-01-07 17:13:02;Trace ID: 933;Activity Name: F;
TimeStamp: 2022-01-07 18:58:18;Trace ID: 933;Activity Name: H;
TimeStamp: 2022-01-07 19:12:29;Trace ID: 934;Activity Name: A;
TimeStamp: 2022-01-07 20:19:50;Trace ID: 934;Activity Name: C;
TimeStamp: 2022-01-07 21:14:38;Trace ID: 934;Activity Name: D;
TimeStamp: 2022-01-07 22:59:04;Trace ID: 934;Activity Name: G;
TimeStamp: 2022-01-07 23:57:24;Trace ID: 934;Activity Name: E;
TimeStamp: 2022-01-08 00:43:04;Trace ID: 934;Activity Name: F;
TimeStamp: 2022-01-08 01:25:31;Trace ID: 934;Activity Name: H;
TimeStamp: 2022-01-08 02:03:49;Trace ID: 935;Activity Name: A;
TimeStamp: 2022-01-08 03:27:09;Trace ID: 935;Activity Name: C;
TimeStamp: 2022-01-08 04:34:01;Trace ID: 935;Activity Name: D;
TimeStamp: 2022-01-08 05:19:14;Trace ID: 935;Activity Name: E;
TimeStamp: 2022-01-08 06:18:13;Trace ID: 935;Activity Name: F;
TimeStamp: 2022-01-08 07:22:35;Trace ID: 935;Activity Name: G;
TimeStamp: 2022-01-08 08:31:28;Trace ID: 935;Activity Name: H;
TimeStamp: 2022-01-08 09:57:25;Trace ID: 936;Activity Name: A;
TimeStamp: 2022-01-08 10:09:53;Trace ID: 936;Activity Name: C;
TimeStamp: 2022-01-08 11:41:03;Trace ID: 936;Activity Name: D;
TimeStamp: 2022-01-08 12:17:58;Trace ID: 936;Activity Name: G;
TimeStamp: 2022-01-08 13:15:50;Trace ID: 936;Activity Name: E;
TimeStamp: 2022-01-08 14:29:21;Trace ID: 936;Activity Name: F;
TimeStamp: 2022-01-08 15:36:23;Trace ID: 936;Activity Name: H;
TimeStamp: 2022-01-08 16:52:14;Trace ID: 937;Activity Name: A;
TimeStamp: 2022-01-08 17:25:28;Trace ID: 937;Activity Name: B;
TimeStamp: 2022-01-08 18:46:26;Trace ID: 937;Activity Name: D;
TimeStamp: 2022-01-08 19:07:57;Trace ID: 937;Activity Name: E;
TimeStamp: 2022-01-08 20:34:07;Trace ID: 937;Activity Name: F;
TimeStamp: 2022-01-08 21:12:34;Trace ID: 937;Activity Name: G;
TimeStamp: 2022-01-08 22:30:55;Trace ID: 937;Activity Name: H;
TimeStamp: 2022-01-08 23:32:18;Trace ID: 938;Activity Name: A;
TimeStamp: 2022-01-09 00:06:46;Trace ID: 938;Activity Name: C;
TimeStamp: 2022-01-09 01:35:51;Trace ID: 938;Activity Name: D;
TimeStamp: 2022-01-09 02:58:07;Trace ID: 938;Activity Name: G;
TimeStamp: 2022-01-09 03:28:26;Trace ID: 938;Activity Name: E;
TimeStamp: 2022-01-09 04:04:01;Trace ID: 938;Activity Name: F;
TimeStamp: 2022-01-09 05:09:04;Trace ID: 938;Activity Name: H;
TimeStamp: 2022-01-09 06:15:03;Trace ID: 939;Activity Name: A;
TimeStamp: 2022-01-09 07:45:07;Trace ID: 939;Activity Name: C;
TimeStamp: 2022-01-09 08:21:29;Trace ID: 939;Activity Name: D;
TimeStamp: 2022-01-09 09:32:36;Trace ID: 939;Activity Name: E;
TimeStamp: 2022-01-09 10:30:26;Trace ID: 939;Activity Name: F;
TimeStamp: 2022-01-09 11:15:14;Trace ID: 939;Activity Name: G;
TimeStamp: 2022-01-09 12:18:33;Trace ID: 939;Activity Name: H;
TimeStamp: 2022-01-09 13:05:31;Trace ID: 940;Activity Name: A;
TimeStamp: 2022-01-09 14:54:49;Trace ID: 940;Activity Name: C;
TimeStamp: 2022-01-09 15:49:03;Trace ID: 940;Activity Name: D;
TimeStamp: 2022-01-09 16:31:32;Trace ID: 940;Activity Name: G;
TimeStamp: 2022-01-09 17:59:20;Trace ID: 940;Activity Name: E;
TimeStamp: 2022-01-09 18:23:08;Trace ID: 940;Activity Name: F;
TimeStamp: 2022-01-09 19:21:20;Trace ID: 940;Activity Name: H;
TimeStamp: 2022-01-09 20:01:04;Trace ID: 941;Activity Name: A;
TimeStamp: 2022-01-09 21:28:30;Trace ID: 941;Activity Name: B;
TimeStamp: 2022-01-09 22:29:05;Trace ID: 941;Activity Name: D;
TimeStamp: 2022-01-09 23:38:49;Trace ID: 941;Activity Name: G;
TimeStamp: 2022-01-10 00:33:37;Trace ID: 941;Activity Name: E;
TimeStamp: 2022-01-10 01:08:06;Trace ID: 941;Activity Name: F;
TimeStamp: 2022-01-10 02:23:48;Trace ID: 941;Activity Name: H;
TimeStamp: 2022-01-10 03:50:42;Trace ID: 942;Activity Name: A;
TimeStamp: 2022-01-10 04:18:25;Trace ID: 942;Activity Name: B;
TimeStamp: 2022-01-10 05:08:27;Trace ID: 942;Activity Name: D;
TimeStamp: 2022-01-10 06:48:58;Trace ID: 942;Activity Name: G;
TimeStamp: 2022-01-10 07:15:05;Trace ID: 942;Activity Name: E;
TimeStamp: 2022-01-10 08:59:51;Trace ID: 942;Activity Name: F;
TimeStamp: 2022-01-10 09:04:45;Trace ID: 942;Activity Name: H;
TimeStamp: 2022-01-10 10:50:13;Trace ID: 943;Activity Name: A;
TimeStamp: 2022-01-10 11:38:48;Trace ID: 943;Activity Name: C;
TimeStamp: 2022-01-10 12:54:30;Trace ID: 943;Activity Name: D;
TimeStamp: 2022-01-10 13:40:15;Trace ID: 943;Activity Name: E;
TimeStamp: 2022-01-10 14:29:45;Trace ID: 943;Activity Name: G;
TimeStamp: 2022-01-10 15:38:49;Trace ID: 943;Activity Name: F;
TimeStamp: 2022-01-10 16:34:58;Trace ID: 943;Activity Name: H;
TimeStamp: 2022-01-10 17:21:33;Trace ID: 944;Activity Name: A;
TimeStamp: 2022-01-10 18:30:13;Trace ID: 944;Activity Name: C;
TimeStamp: 2022-01-10 19:58:13;Trace ID: 944;Activity Name: D;
TimeStamp: 2022-01-10 20:50:55;Trace ID: 944;Activity Name: G;
TimeStamp: 2022-01-10 21:47:34;Trace ID: 944;Activity Name: E;
TimeStamp: 2022-01-10 22:50:02;Trace ID: 944;Activity Name: F;
TimeStamp: 2022-01-10 23:08:41;Trace ID: 944;Activity Name: H;
TimeStamp: 2022-01-11 00:46:29;Trace ID: 945;Activity Name: A;
TimeStamp: 2022-01-11 01:35:01;Trace ID: 945;Activity Name: C;
TimeStamp: 2022-01-11 02:43:10;Trace ID: 945;Activity Name: D;
TimeStamp: 2022-01-11 03:29:32;Trace ID: 945;Activity Name: G;
TimeStamp: 2022-01-11 04:30:02;Trace ID: 945;Activity Name: E;
TimeStamp: 2022-01-11 05:26:18;Trace ID: 945;Activity Name: F;
TimeStamp: 2022-01-11 06:49:48;Trace ID: 945;Activity Name: H;
TimeStamp: 2022-01-11 07:04:43;Trace ID: 946;Activity Name: A;
TimeStamp: 2022-01-11 08:35:52;Trace ID: 946;Activity Name: B;
TimeStamp: 2022-01-11 09:13:57;Trace ID: 946;Activity Name: D;
TimeStamp: 2022-01-11 10:24:14;Trace ID: 946;Activity Name: E;
TimeStamp: 2022-01-11 11:27:36;Trace ID: 946;Activity Name: F;
TimeStamp: 2022-01-11 12:22:45;Trace ID: 946;Activity Name: G;
TimeStamp: 2022-01-11 13:39:45;Trace ID: 946;Activity Name: H;
TimeStamp: 2022-01-11 14:48:03;Trace ID: 947;Activity Name: A;
TimeStamp: 2022-01-11 15:13:45;Trace ID: 947;Activity Name: B;
TimeStamp: 2022-01-11 16:51:36;Trace ID: 947;Activity Name: D;
TimeStamp: 2022-01-11 17:54:10;Trace ID: 947;Activity Name: G;
TimeStamp: 2022-01-11 18:23:10;Trace ID: 947;Activity Name: E;
TimeStamp: 2022-01-11 19:19:31;Trace ID: 947;Activity Name: F;
TimeStamp: 2022-01-11 20:26:00;Trace ID: 947;Activity Name: H;
TimeStamp: 2022-01-11 21:09:07;Trace ID: 948;Activity Name: A;
TimeStamp: 2022-01-11 22:33:56;Trace ID: 948;Activity Name: B;
TimeStamp: 2022-01-11 23:47:44;Trace ID: 948;Activity Name: D;
TimeStamp: 2022-01-12 00:33:24;Trace ID: 948;Activity Name: E;
TimeStamp: 2022-01-12 01:39:17;Trace ID: 948;Activity Name: G;
TimeStamp: 2022-01-12 02:03:41;Trace ID: 948;Activity Name: F;
TimeStamp: 2022-01-12 03:34:54;Trace ID: 948;Activity Name: H;
